{
    "tSin-meriSilo": {
        "cpu": 0.0,
        "cpu_max": 2.1406311911354267,
        "stack": 17.114592863677954
    },
    "tSin-Display": {
        "cpu": 0.0,
        "cpu_max": 1.0042365048646303,
        "stack": 17.572049405306499
    },
    "tSin-Prirob_200": {
        "cpu": 0.0,
        "cpu_max": 9.102911227069129,
        "stack": 17.846523330283625
    },
    "tLowFrequency": {
        "cpu": 0.004187663347067316,
        "cpu_max": 0.46033993203624887,
        "stack": 14.958639705882354
    },
    "tFtpFileWatcher": {
        "cpu": 0.0014303227906902188,
        "cpu_max": 5.367299903112983,
        "stack": 28.685709635416669
    },
    "tCbiStoapp": {
        "cpu": 0.0,
        "cpu_max": 0.001362762472485017,
        "stack": 4.79736328125
    },
    "tCbiStaapp": {
        "cpu": 0.0,
        "cpu_max": 0.0018626074071448954,
        "stack": 4.79736328125
    },
    "tCbiTasman": {
        "cpu": 0.0,
        "cpu_max": 0.0038627603860598069,
        "stack": 4.79736328125
    },
    "tDispach": {
        "cpu": 0.05071993243493306,
        "cpu_max": 0.07608805421144256,
        "stack": 30.09033203125
    },
    "tPollKeba": {
        "cpu": 0.23132109251251116,
        "cpu_max": 0.2984840523024457,
        "stack": 36.87744140625
    },
    "tInKeba": {
        "cpu": 0.20526440409099867,
        "cpu_max": 0.3997985688185662,
        "stack": 36.73095703125
    },
    "tCbiAppman": {
        "cpu": 0.0,
        "cpu_max": 2.049542928789636,
        "stack": 7.18994140625
    },
    "tClient": {
        "cpu": 0.0016055594308322752,
        "cpu_max": 0.18890600594821484,
        "stack": 13.382975260416666
    },
    "tCbiMaimen": {
        "cpu": 0.7289370522063308,
        "cpu_max": 0.8442022157325849,
        "stack": 6.38916015625
    },
    "tSoapServer": {
        "cpu": 0.018587444903290397,
        "cpu_max": 0.03633548139103868,
        "stack": 40.14892578125
    },
    "tSoapClient9": {
        "cpu": 0.0,
        "cpu_max": 0.004589564618625009,
        "stack": 7.99560546875
    },
    "tSoapWrClient9": {
        "cpu": 0.0,
        "cpu_max": 0.0009286088599876908,
        "stack": 11.287913602941176
    },
    "tSoapClient8": {
        "cpu": 0.0,
        "cpu_max": 0.000951219064205945,
        "stack": 7.99560546875
    },
    "tSoapWrClient8": {
        "cpu": 0.0,
        "cpu_max": 0.0018318003694756799,
        "stack": 11.287913602941176
    },
    "tSoapClient7": {
        "cpu": 0.0,
        "cpu_max": 0.0010589816432292218,
        "stack": 7.99560546875
    },
    "tSoapWrClient7": {
        "cpu": 0.0,
        "cpu_max": 0.0008815405872486936,
        "stack": 11.287913602941176
    },
    "tSoapClient6": {
        "cpu": 0.0,
        "cpu_max": 0.0012778596981510538,
        "stack": 7.99560546875
    },
    "tSoapWrClient6": {
        "cpu": 0.0,
        "cpu_max": 0.00468451424386729,
        "stack": 11.287913602941176
    },
    "tSoapClient5": {
        "cpu": 0.0,
        "cpu_max": 0.000770473919951583,
        "stack": 7.99560546875
    },
    "tSoapWrClient5": {
        "cpu": 0.0,
        "cpu_max": 0.0010223081223318175,
        "stack": 11.287913602941176
    },
    "tSoapClient4": {
        "cpu": 0.0,
        "cpu_max": 0.0009169306866796632,
        "stack": 7.99560546875
    },
    "tSoapWrClient4": {
        "cpu": 0.0,
        "cpu_max": 0.0009300008870764908,
        "stack": 11.287913602941176
    },
    "tSktSrvRip": {
        "cpu": 0.4714580899852136,
        "cpu_max": 0.5738719461141131,
        "stack": 24.31640625
    },
    "tSoapClient3": {
        "cpu": 0.0,
        "cpu_max": 0.0008345315048386604,
        "stack": 7.99560546875
    },
    "tSoapWrClient3": {
        "cpu": 0.0,
        "cpu_max": 0.0007365328949888704,
        "stack": 11.287913602941176
    },
    "tSoapClient2": {
        "cpu": 0.0,
        "cpu_max": 0.0008530833528581531,
        "stack": 7.99560546875
    },
    "tSoapWrClient2": {
        "cpu": 0.0,
        "cpu_max": 0.001571254066335494,
        "stack": 11.287913602941176
    },
    "tSoapClient1": {
        "cpu": 0.0,
        "cpu_max": 0.001955359321549623,
        "stack": 7.99560546875
    },
    "tSoapWrClient1": {
        "cpu": 0.0,
        "cpu_max": 0.0015969310516322656,
        "stack": 11.287913602941176
    },
    "tSoapClient0": {
        "cpu": 0.0,
        "cpu_max": 0.0025467108892143479,
        "stack": 7.99560546875
    },
    "tSoapWrClient0": {
        "cpu": 0.0,
        "cpu_max": 0.0012180593705798133,
        "stack": 11.287913602941176
    },
    "tComSesMgr": {
        "cpu": 0.0,
        "cpu_max": 0.0020070465903924549,
        "stack": 23.98681640625
    },
    "tSCGIServer": {
        "cpu": 6.273078850421408,
        "cpu_max": 7.318325484864317,
        "stack": 11.946614583333334
    },
    "tRipSetTime": {
        "cpu": 0.0,
        "cpu_max": 0.008883412881161478,
        "stack": 23.98681640625
    },
    "tRipImpExpArm": {
        "cpu": 0.0,
        "cpu_max": 0.010029069076284998,
        "stack": 11.287913602941176
    },
    "tRipBTdetailled": {
        "cpu": 0.0,
        "cpu_max": 0.010165811951602619,
        "stack": 23.98681640625
    },
    "tRipBrakesWdg": {
        "cpu": 0.0,
        "cpu_max": 0.006156704283987931,
        "stack": 23.98681640625
    },
    "tRipArmPos": {
        "cpu": 0.0,
        "cpu_max": 0.009784523033999486,
        "stack": 23.98681640625
    },
    "tRipApp": {
        "cpu": 0.0,
        "cpu_max": 0.017175961563102826,
        "stack": 2.9522235576923077
    },
    "tRipExportLog": {
        "cpu": 0.0,
        "cpu_max": 0.008178846038322084,
        "stack": 11.287913602941176
    },
    "tDsiFramInit": {
        "cpu": 0.0008632030247272311,
        "cpu_max": 0.0008632030247272311,
        "stack": 12.758501838235294
    },
    "tSp2UsbPoll": {
        "cpu": 0.002350652295086777,
        "cpu_max": 0.041527147939501,
        "stack": 6.004379734848484
    },
    "tUsbPoll": {
        "cpu": 0.0068551993475762609,
        "cpu_max": 0.3558003938132681,
        "stack": 16.131310096153848
    },
    "tEcmLowPrio": {
        "cpu": 0.0,
        "cpu_max": 0.000920262672347598,
        "stack": 23.98681640625
    },
    "tMasterEtherCAT": {
        "cpu": 23.053556796484988,
        "cpu_max": 23.503426890078857,
        "stack": 15.056295955882354
    },
    "tObsReqOP1003S": {
        "cpu": 0.0,
        "cpu_max": 0.0010216564131823544,
        "stack": 23.98681640625
    },
    "tObsReqOP1002S": {
        "cpu": 0.0,
        "cpu_max": 0.0010687994095477936,
        "stack": 23.98681640625
    },
    "tObsReqOP1001S": {
        "cpu": 0.0,
        "cpu_max": 0.0014249895966900685,
        "stack": 23.98681640625
    },
    "tIdleTask": {
        "cpu": 0.03781269168250656,
        "cpu_max": 74.61484588134755,
        "stack": 23.98681640625
    },
    "tSinSync2": {
        "cpu": 0.0,
        "cpu_max": 0.0025506599379896837,
        "stack": 15.725032010243277
    },
    "tSinSync1": {
        "cpu": 0.0,
        "cpu_max": 0.0007124492261048725,
        "stack": 15.725032010243277
    },
    "tSinMan": {
        "cpu": 28.329784777276826,
        "cpu_max": 49.381478857765369,
        "stack": 24.655889884763125
    },
    "tUsrEvts": {
        "cpu": 0.0,
        "cpu_max": 0.17443214717953099,
        "stack": 15.079273897058825
    },
    "tSysEvts": {
        "cpu": 0.0,
        "cpu_max": 5.133867438463813,
        "stack": 15.791590073529412
    },
    "tRipSocketPing": {
        "cpu": 0.0,
        "cpu_max": 0.0011407817482713289,
        "stack": 23.98681640625
    },
    "tCbiEgg": {
        "cpu": 0.0,
        "cpu_max": 0.01249571118983027,
        "stack": 23.98681640625
    },
    "tContext": {
        "cpu": 0.0017221660799313834,
        "cpu_max": 4.0063126214329689,
        "stack": 18.060661764705885
    },
    "tObsMonSpeed": {
        "cpu": 0.0,
        "cpu_max": 0.003678161034692317,