{
    "robots": [
        {
            "instanceId": "67c2ce07-60f7-4930-ac0d-f688d9adefa2"
        }
    ],
    "lastUsedCamera": {
        "name": "lastUsedCamera",
        "position": {
            "X": 2026.24866,
            "Y": 1661.57336,
            "Z": 1619.29529
        },
        "upVector": {
            "X": -0.404758871,
            "Y": -0.2128942,
            "Z": 0.889295459
        },
        "target": {
            "X": 201.339722,
            "Y": 70.04321,
            "Z": 407.689453
        },
        "height": 1063.65686,
        "width": 1063.65686
    }
}